eta_variation_95th,pred_eta_min,pred_eta_max
4.999438486447925,2.8576160175846272,2.963777030210026
