term,estimate,std.error,statistic,p.value
(Intercept),2.858785002103179,0.050050993724515956,57.1174474144934,0
traffic_congestion_level,-8.940527316678148e-4,0.006941553650926793,-0.12879720832359287,0.8975191244959382
weather_condition_severity,0.09860082711210458,0.06949965359539724,1.4187240081241876,0.15599164664575085
fuel_consumption_rate,0.001331904879348266,0.0033169525180414047,0.4015447529332526,0.688022441592191
traffic_congestion_level:weather_condition_severity,-0.006487101911726908,0.01136617081370373,-0.5707376756915946,0.5681824761572615
