risk_band,n,mean_eta,mean_lead
High,10688,2.941668860363508,5.169509453939806
Low,10689,2.8769141603946813,5.206528290966693
Medium,10688,2.8606225209346707,5.306470386804677
