inv_q,n,failure_rate,median_inventory
1,8017,0.09891480603717101,1.5990271717470501
2,8016,0.10341816367265469,62.75259026779365
3,8016,0.0999251497005988,319.495067319501
4,8016,0.09780439121756487,801.7682208214701
