term,estimate,std.error,statistic,p.value,conf.low,conf.high
(Intercept),-2.2025293225791467,0.07834355364581942,-28.11372755104374,6.656921928313345e-174,-2.3579657380826062,-2.050776729067316
warehouse_inventory_level,-1.5311777390376153e-4,1.7836897430969362e-4,-0.8584327767558408,0.39065353525272634,-5.060827361058238e-4,1.934906993851419e-4
disruption_likelihood_score,0.026576346593994524,0.09172576906649753,0.2897369721122505,0.7720174692737207,-0.15177268879746025,0.2078799628540593
warehouse_inventory_level:disruption_likelihood_score,1.238713053680279e-4,2.0906400789581076e-4,0.5925042125364806,0.5535130007238998,-2.834912275858448e-4,5.363614291378197e-4
